{"h26hVVjLt+GFb7cotHaylQ==":"in-giro-per-novi-1.svg","gL7HlfRn7LiQ6IzGAwcLzw==":"koumshyyxx1umdd-9fxvfcfoy-2aoals2ngsojqzr4xsyacb0b8cxyozcxzkeqgr4-i13zsuyoz6s0.jpg","xXJ+cF9sVVXWyKWL4VsRog==":"st-michael-the-archangel-parish-novi-di-modena-italy.png","jOBhwSvnjyPV2T41B5dIHg==":"teatro-novi-modena.jpg","0wTK46riznREqJBa9lYQGQ==":"torre-civica-dettaglio.jpg","Io5k56zZXxT+NckSX9mWCA==":"oip.jpg","kGvCGj/0BGd7c3846oYUuQ==":"oip.png","iCuhsTbqyPF03YzcZokrRw==":"oratorio-gaetano.jpg","qn+Jcm8ExPNJDNa8QILURA==":"oratorio-gaetano.png","4VTHcNaaOXXcSeoqWSwPpA==":"palazzo-comunale-vista-dalla-piazza.png","MPQRnzcbY+yuxYHTBcyzkg==":"st-michael-the-archangel-parish-novi-di-modena-italy-copia.png","pLzMzNMkItzCkXemBWpl7w==":"st-michael-the-archangel-parish-novi-di-modena-italy-copia-1.png","7Bis1IpX6z3fzXhuTu3YJA==":"q.png","IqMWTGw1s97IGWiyqgN/kQ==":"mbr-1160x870.png","Dhk2e4n1qLPE+4z3MppURA==":"download-256x171.jpg"}